species,population,plant_height_cm,corolla_area_mm2,spur_length_mm,first_flower_day,flowers,fruits,mean_fruit_mass_mg
conopsea,graborg_c,29,70.679,15.28,162,40,34,13.1979451
conopsea,graborg_c,25,102.1796,16.85,161,29,13,11.92047065
conopsea,graborg_c,30.4,113.8021,18.77,162,51,42,13.88644736
conopsea,graborg_c,33.3,107.9048,13.74,162,51,47,14.7905493
conopsea,graborg_c,31.9,126.4062,14.36,163,50,48,14.50428571
conopsea,graborg_c,32,125.664,13.19,163,57,54,16.05
conopsea,graborg_c,30.3,97.8822,14.85,162,23,23,20.622827149999999
conopsea,graborg_c,33,119.8351,14.71,161,36,33,23.097148390000001
conopsea,graborg_c,27.3,73.073,15.91,160,40,28,8.9865396279999992
conopsea,graborg_c,24.4,133.1559,13.2,163,29,25,13.25642976
conopsea,graborg_c,20,80.912,11.2,163,32,3,11.962027620000001
conopsea,graborg_c,22.8,93.744,5.79,163,37,0,NA
conopsea,graborg_c,22.6,93.66,12.5,162,35,4,10.784655920000001
conopsea,graborg_c,26.5,77.6776,12.4,163,25,24,13.162458839999999
conopsea,graborg_c,27.1,71.9173,12.56,161,62,43,14.859082799999999
conopsea,graborg_c,18,83.88,10.74,163,23,3,13.763593889999999
conopsea,graborg_c,15.6,54.7492,5.08,164,27,0,NA
conopsea,graborg_c,28.7,89.7532,16.22,163,31,26,10.033951099999999
conopsea,graborg_c,23,86.3203,11.72,163,30,24,10.01190233
conopsea,graborg_c,26.2,76.9307,12.3,163,37,34,14.119276109999999
conopsea,graborg_c,25.3,88.5504,15.95,163,24,23,17.750382269999999
conopsea,graborg_c,23.2,109.7757,16.69,164,22,18,9.6205946190000002
conopsea,graborg_c,28.5,105.4064,14.56,162,32,14,9.8862220769999993
conopsea,graborg_c,28.3,141.7625,15.94,163,30,29,21.313223300000001
conopsea,graborg_c,16.6,86.48,16.11,163,21,14,8.3266666669999996
conopsea,graborg_c,28.3,71.3564,11.98,162,19,18,18.353546000000001
conopsea,graborg_c,33.2,81.5388,14.02,161,51,44,17.65017568
conopsea,graborg_c,25.5,93.0884,14.43,161,16,11,16.346787119999998
conopsea,graborg_c,19,89.3316,13.31,163,21,11,8.1050041200000003
conopsea,graborg_c,26,84.214,14.31,162,36,31,11.37431819
conopsea,graborg_c,15.8,68.7323,14,161,22,20,7.9387676909999998
conopsea,graborg_c,24,100.4834,15.7,163,24,18,10.291933139999999
conopsea,graborg_c,17,85.078,12.51,164,18,14,9.0102774710000002
conopsea,graborg_c,19.2,91.8544,11.64,164,19,19,10.767937590000001
conopsea,graborg_c,28.5,118.2447,15.37,162,34,33,20.694309390000001
conopsea,graborg_c,25.7,93.1328,14.09,161,24,23,14.073206880000001
conopsea,graborg_c,32.5,110.8422,16.97,161,47,42,19.79248329
conopsea,graborg_c,22.1,88.5781,15.52,162,38,38,11.91512414
conopsea,graborg_c,20.5,116.1315,15.96,165,23,22,12.407241750000001
conopsea,graborg_c,28.6,112.0716,15.16,161,56,51,21.554294280000001
conopsea,graborg_c,24.5,101.1792,8.09,161,24,22,14.32576046
conopsea,graborg_c,22.7,139.0912,15.4,165,35,31,16.40640492
conopsea,graborg_c,26.4,112.3524,14.65,163,24,18,11.33259088
conopsea,graborg_c,22.5,113.685,15.13,163,27,20,12.29686734
conopsea,graborg_c,20.8,71.5338,15.89,162,31,25,8.1248704119999999
conopsea,graborg_c,14,86.658,13.54,163,20,17,9.3058387759999999
conopsea,graborg_c,24.2,106.5129,15.27,163,22,22,12.91295341
conopsea,graborg_c,21.5,105.2502,15.94,162,20,3,12.83388545
conopsea,graborg_c,25.1,88.578,13.23,162,32,29,13.85004371
conopsea,graborg_c,27.4,118.096,15.57,162,27,24,13.39560109
conopsea,graborg_c,22.1,77.774,13.4,161,22,13,13.4477583
conopsea,graborg_c,15,65.7888,12.28,160,16,8,6.8110421050000003
conopsea,graborg_c,14.3,57.3344,14.28,160,16,7,5.3389644150000004
conopsea,graborg_c,28.1,106.6525,15.63,161,37,29,16.54547006
conopsea,graborg_c,23.4,105.9248,14.41,162,36,31,12.761077289999999
conopsea,graborg_c,21.6,71.4714,14.54,163,25,22,10.54201845
conopsea,graborg_c,19.8,82.44,14.83,163,30,25,9.4439427780000003
conopsea,graborg_c,33.4,118.0638,16.93,164,30,24,14.44381267
conopsea,graborg_c,27.8,88.4004,17.48,160,34,25,14.02783451
conopsea,graborg_c,21.1,117.3978,10.67,163,34,26,13.76010993
conopsea,graborg_c,19.8,123.8435,13.79,164,22,19,14.66666667
conopsea,graborg_c,18.2,84.1784,13.82,161,20,18,14.624255099999999
conopsea,graborg_c,19.6,106.4148,14.27,161,25,20,10.864011059999999
conopsea,graborg_c,21,80.136,13.82,160,30,15,13.91190712
conopsea,graborg_c,20.3,75.7136,6.19,165,11,4,19.722265660000001
conopsea,graborg_c,21.7,113.3308,14.58,164,34,28,17.195847959999998
conopsea,graborg_c,27.3,99.9423,14.14,161,42,38,18.59059989
conopsea,graborg_c,25.5,94.7261,12.54,159,35,32,14.94286198
conopsea,graborg_c,31,116.622,15.22,160,40,37,26.08851568
conopsea,graborg_c,25.3,99.2136,12.69,161,34,31,16.85492696
conopsea,graborg_c,20.6,78.6558,11,161,27,26,16.75087954
conopsea,graborg_c,15.2,60.273,13.41,164,22,0,NA
conopsea,graborg_c,26.3,115.5024,10.79,161,24,24,15.880538939999999
conopsea,graborg_c,25.7,103.1067,15.09,160,35,31,11.79822025
conopsea,graborg_c,20.5,75.54,6.46,163,30,1,9.8170359890000007
conopsea,graborg_c,20.7,86.7664,14.1,161,27,23,12.66717676
conopsea,graborg_c,26.2,75.1032,12.81,160,31,29,13.14061577
conopsea,graborg_c,26.2,101.6928,14.94,162,33,30,13.075121749999999
conopsea,graborg_c,23.6,94.354,11.19,163,35,7,17.75022547
conopsea,graborg_c,16.2,60.0642,4.23,164,17,2,6.3604971890000002
conopsea,graborg_c,21.2,111.7209,5.26,162,27,7,13.92236447
conopsea,graborg_c,25.4,113.434,13.94,164,33,31,11.065114149999999
conopsea,graborg_c,20.7,79.933,13.06,163,28,28,12.50532334
conopsea,graborg_c,22.3,78.6149,13.58,163,33,33,16.209607380000001
conopsea,graborg_c,28.2,101.4189,13.19,162,37,31,16.961916030000001
conopsea,graborg_c,26.5,99.54,13.6,160,30,29,14.36150162
conopsea,graborg_c,21.5,79.35,10.01,161,15,8,6.9052353980000003
conopsea,graborg_c,24,97.86,12.24,164,21,19,9.4094720009999993
conopsea,graborg_c,19.9,55.2598,5.88,164,20,3,11.135752630000001
conopsea,graborg_c,21.1,63.896,14.93,160,27,26,12.312855170000001
conopsea,graborg_c,19.5,66.0231,14.12,159,24,21,9.8758090860000003
conopsea,graborg_c,17.3,70.585,12.74,160,26,24,7.247275385
conopsea,graborg_c,34.3,103.132,13.62,160,42,37,19.609247710000002
densiflora,graborg_d,43.1,148.24,13.5,186,49,35,12.99666667
densiflora,graborg_d,30.4,105.609,12.85,187,32,30,5.17
densiflora,graborg_d,31.1,105.154,13.66,184,61,39,4.2566666670000002
densiflora,graborg_d,24.7,101.5721,15.74,187,39,32,4.92
densiflora,graborg_d,34.4,108.046,14.47,188,41,36,9.7066666670000004
densiflora,graborg_d,48.7,108.5635,13.56,187,63,54,11.81666667
densiflora,graborg_d,42.3,106.8911,14.31,185,56,53,9.7133333329999996
densiflora,graborg_d,44,147.2808,13.97,186,75,69,7.7133333329999996
densiflora,graborg_d,40.9,93.5192,14.46,184,64,61,9.91
densiflora,graborg_d,35.5,103.0617,15.75,185,40,37,7.9633333329999996
densiflora,graborg_d,31.6,100.6455,12.8,190,30,12,6.77
densiflora,graborg_d,26.7,101.7772,15.34,189,34,31,4.79
densiflora,graborg_d,38.5,131.2064,16.09,188,50,41,8.0766666669999996
densiflora,graborg_d,31.7,86.4386,14.22,187,41,35,3.86
densiflora,graborg_d,38.8,111.618,13.98,186,50,44,8.0433333329999996
densiflora,graborg_d,27.6,111.0642,15.03,186,28,25,5.2466666670000004
densiflora,graborg_d,35.2,135.904,14.89,187,40,29,6.54
densiflora,graborg_d,43.4,108.813,16.72,188,32,32,7.983333333
densiflora,graborg_d,27,122.3625,13.75,188,26,26,6.0633333330000001
densiflora,graborg_d,29.2,114.6702,13.48,189,33,32,7.2466666670000004
densiflora,graborg_d,33.3,92.29,12.27,191,37,34,8.7833333329999999
densiflora,graborg_d,40.4,112.4736,13.22,188,53,44,8.83
densiflora,graborg_d,34.1,109.6604,15.79,187,48,41,7.5633333330000001
densiflora,graborg_d,19.9,78.6477,16.18,190,32,14,5.7766666669999998
densiflora,graborg_d,30.9,130.68,14.12,185,48,38,10.733333330000001
densiflora,graborg_d,26.9,135.7105,15.07,190,48,44,8.57
densiflora,graborg_d,25.3,87.7488,14.55,186,44,39,4.153333333
densiflora,graborg_d,32.3,111.244,14.49,189,44,41,8.4033333330000008
densiflora,graborg_d,34.2,97.3935,12.7,187,64,54,6.5133333330000003
densiflora,graborg_d,27,95.956,13.2,189,44,34,7.9466666669999997
densiflora,graborg_d,22.1,75.1752,12.56,190,24,15,6.5433333329999996
densiflora,graborg_d,54.8,137.1873,15.27,187,66,59,11.563333330000001
densiflora,graborg_d,31.3,123.215,12.81,188,38,34,6.5666666669999998
densiflora,graborg_d,30.9,112.197,12.44,186,41,38,8.5066666669999993
densiflora,graborg_d,36.8,149.6325,12.85,190,63,59,9.5066666669999993
densiflora,graborg_d,30.6,120.1418,14.5,197,34,25,6.4466666669999997
densiflora,graborg_d,31.9,90.1648,14.77,190,46,39,6.8333333329999997
densiflora,graborg_d,20.2,86.2236,17.8,187,22,18,7.1366666670000001
densiflora,graborg_d,30.9,118.992,14.78,191,34,25,9.4233333330000004
densiflora,graborg_d,35.5,114.5046,14.26,190,49,41,6.07
densiflora,graborg_d,36,117.174,14.92,184,32,32,8.7733333330000001
densiflora,graborg_d,27.8,90.3654,13.63,186,57,0,NA
densiflora,graborg_d,30,89.9777,15.69,185,49,45,10.44333333
densiflora,graborg_d,23.3,119.8252,13.02,191,29,23,6.2566666670000002
densiflora,graborg_d,31.7,92.112,14.46,185,49,44,8.1866666670000008
densiflora,graborg_d,16.9,88.5546,14.11,190,38,26,4.8099999999999996
densiflora,graborg_d,19.4,114.7079,15.07,188,29,21,4.9266666670000001
densiflora,graborg_d,24.1,94.184,12.92,187,40,35,5.2033333329999998
densiflora,graborg_d,28.9,85.158,12.5,190,44,36,7.5
densiflora,graborg_d,33.1,119.2075,13.96,186,80,69,7.7833333329999999
densiflora,graborg_d,36.7,130.4576,12.89,186,47,47,10.286666670000001
densiflora,graborg_d,20.3,111.7852,14.17,189,23,20,5.233333333
densiflora,graborg_d,17.5,79.1072,15,189,32,19,6.6133333329999999
densiflora,graborg_d,25.8,84.9816,14.64,190,53,53,6.3433333330000004
densiflora,graborg_d,16.7,93.6132,14.1,189,34,21,4.2633333330000003
densiflora,graborg_d,30.2,67.3506,12.99,186,51,34,4.7833333329999999
densiflora,graborg_d,23.5,90.013,12.28,185,41,39,5.1866666669999999
densiflora,graborg_d,21.6,99.4485,13.78,195,58,30,7.7933333329999996
densiflora,graborg_d,27.1,128.7072,12.11,188,46,42,7.41
densiflora,graborg_d,23,119.6888,15.79,190,34,31,10.199999999999999
densiflora,graborg_d,28.3,106.6128,14.28,188,48,41,5.4366666669999999
densiflora,graborg_d,27.5,126.5495,14.79,191,38,38,8.8533333330000001
densiflora,graborg_d,20.2,79.781,12.59,190,25,23,6.0233333330000001
densiflora,graborg_d,30.3,80.0415,15.36,189,43,37,7.7266666669999999
densiflora,graborg_d,24.3,88.5467,14.73,186,42,35,4.0733333329999999
densiflora,graborg_d,26.6,104.3064,13.08,191,34,25,8.7766666670000006
densiflora,graborg_d,27.3,129.8029,14.19,189,43,20,8.4533333329999998
densiflora,graborg_d,22.4,87.5232,10.18,189,28,9,3.99
densiflora,graborg_d,23.2,96.5208,13.33,189,36,36,6.9366666669999999
densiflora,graborg_d,14.9,101.193,14.8,190,22,17,6.7933333329999996
densiflora,graborg_d,26,92.575,16.13,183,33,28,8.7966666670000002
densiflora,graborg_d,17.4,82.0102,15.05,191,34,34,4.7699999999999996
densiflora,graborg_d,16.4,76.475,12.59,188,13,9,3.32
densiflora,graborg_d,31.1,117.7121,12.48,188,18,18,9.5366666670000004
densiflora,graborg_d,21.5,70.9376,14.85,188,32,29,6.3666666669999996
densiflora,graborg_d,28.5,127.508,13.91,190,42,41,6.84
densiflora,graborg_d,29.6,100.7,14.39,185,47,47,7.08
densiflora,graborg_d,20.3,71.145,12.96,189,28,21,7.33
densiflora,graborg_d,21.9,78.2217,15.63,190,33,16,4.6066666669999998
densiflora,graborg_d,32.4,98.1002,15.07,188,42,34,6.4666666670000001
densiflora,graborg_d,30.5,140.4117,14.61,187,30,21,5.8
densiflora,graborg_d,25.1,71.613,14.39,192,31,17,4.415
densiflora,graborg_d,29.2,110.716,13.43,187,52,51,7.0633333330000001
densiflora,graborg_d,28.2,125.5968,16.74,188,32,27,7.6066666669999998
densiflora,graborg_d,15.3,80.9578,12.36,188,47,20,2.6775000000000002
densiflora,graborg_d,21.9,87.7896,17.19,189,21,16,8.5133333330000003
densiflora,graborg_d,20.1,90.6612,14.79,189,36,23,4.1633333329999997
densiflora,graborg_d,21.9,106.3104,13.98,192,21,20,6.4733333330000002
densiflora,graborg_d,18.1,88.1532,14.49,189,35,21,2.233333333
densiflora,graborg_d,27.9,104.9237,14.88,191,39,24,9.2266666669999999
densiflora,graborg_d,30,96.558,13.11,189,38,31,9.5333333329999999
densiflora,graborg_d,20.9,126.1638,14.17,190,26,15,6.73
densiflora,graborg_d,24.5,105.0306,11.47,190,39,25,6.403333333
densiflora,graborg_d,24.8,120.3948,15.07,188,51,46,10.91333333
densiflora,graborg_d,34.3,134.568,15.94,189,56,46,10.436666669999999
densiflora,graborg_d,36.7,96.2689,14.37,191,62,52,8.93
densiflora,graborg_d,24.4,106.0488,14.84,189,36,29,4.7466666670000004
densiflora,graborg_d,22.8,89.6544,14.63,188,46,37,6.9666666670000001
densiflora,graborg_d,25.4,87.8625,12.86,191,42,40,9.6
densiflora,graborg_d,24.7,75.3182,15.86,188,51,50,5.62
densiflora,graborg_d,36.3,128.775,15.96,186,50,34,6.61
densiflora,graborg_d,16.1,89.57,16.21,196,15,12,4.2
densiflora,graborg_d,28.9,99.33,15.3,186,42,33,10.70333333
densiflora,graborg_d,19.7,104.5385,13.29,188,28,27,5.0666666669999998
densiflora,graborg_d,30.4,92.2528,12.19,185,45,39,5.4466666669999997
densiflora,graborg_d,24.5,92.9745,13.52,190,47,33,8.33
densiflora,graborg_d,34.2,92.129,12.01,188,62,57,6.69
densiflora,graborg_d,29.4,109.8048,12.91,186,53,49,9.1999999999999993
densiflora,graborg_d,29.2,96.8724,12.93,188,37,35,7.653333333
densiflora,graborg_d,20.1,80.8736,13.17,188,23,17,4.5633333330000001
densiflora,graborg_d,32.5,89.3514,13.58,187,69,64,7.77
densiflora,graborg_d,30.4,143.8801,16.68,188,53,49,9.3833333329999995
densiflora,graborg_d,15.2,77.3696,11.62,192,18,12,3.3633333329999999
densiflora,graborg_d,21.9,92.162,13.74,190,50,50,7.1133333329999999
densiflora,igelmossen,31,99.7072,12.02,190,50,43,5.5533333330000003
densiflora,igelmossen,34.1,77.3024,9.93,193,39,30,6.2366666669999997
densiflora,igelmossen,34.4,154.3341,15.93,189,26,26,11.33333333
densiflora,igelmossen,47.5,126.682,16.25,190,53,49,4.9066666669999996
densiflora,igelmossen,39.7,107.8106,13.73,192,97,97,12.64666667
densiflora,igelmossen,38.3,105.6877,13.86,193,63,60,8.4933333330000007
densiflora,igelmossen,38.1,123.9225,16.1,191,43,40,8.4133333330000006
densiflora,igelmossen,42.1,128.4942,14.26,190,37,37,8.8666666670000005
densiflora,igelmossen,47.3,153.6832,14.95,188,61,58,11.393333330000001
densiflora,igelmossen,31.2,108.9156,14.69,192,35,25,8.7166666670000001
densiflora,igelmossen,30.6,95.1598,12.08,195,39,36,7.38
densiflora,igelmossen,31.5,132.342,12.2,191,37,34,6.153333333
densiflora,igelmossen,34.2,66.708,14.19,193,53,45,7.8966666669999999
densiflora,igelmossen,31,85.8912,14.22,193,34,33,8.3733333329999997
densiflora,igelmossen,30.9,92.73,14.86,189,39,30,7.22
densiflora,igelmossen,26.1,126.714,14.85,192,32,28,9.9166666669999994
densiflora,igelmossen,47,117.5712,17.54,190,59,55,10.99333333
densiflora,igelmossen,50.2,103.4208,14.71,192,62,48,13.713333329999999
densiflora,igelmossen,48.1,111.9242,14.72,194,60,55,19.31666667
densiflora,igelmossen,52.2,144.2115,15.9,189,70,64,14.42
densiflora,igelmossen,46.8,107.4759,13.49,192,80,65,14.073333330000001
densiflora,igelmossen,27.9,111.3571,14.29,191,37,34,5.2566666670000002
densiflora,igelmossen,30.2,123.1514,12.55,193,28,19,9
densiflora,igelmossen,29.5,100.5048,12.06,191,40,33,7.0866666670000003
densiflora,igelmossen,38,148.185,15.15,192,40,31,10.926666669999999
densiflora,igelmossen,39.6,132.1928,16.76,191,27,26,9.5966666669999992
densiflora,igelmossen,27.7,108.9038,11.34,189,41,40,10.19
densiflora,igelmossen,23.4,96.4684,12.73,195,16,14,6.1366666670000001
densiflora,igelmossen,30.7,112.3932,12.32,196,30,27,8.18
densiflora,igelmossen,29.5,134.7792,14.52,193,30,28,8.306666667
densiflora,igelmossen,30.1,79.6152,13.91,196,34,32,6
densiflora,igelmossen,37.9,142.3704,15.93,192,62,56,9.2566666669999993
densiflora,igelmossen,39.5,119.5032,14.12,191,29,23,9.9666666670000001
densiflora,igelmossen,30.2,109.1556,14.02,191,42,37,7.7
densiflora,igelmossen,31,101.1769,13.36,191,30,22,6.9466666669999997
densiflora,igelmossen,21.7,138.0366,15.46,190,21,19,6.97
densiflora,igelmossen,37,166.2222,16.93,189,60,54,13.94
densiflora,igelmossen,34.4,153.5908,16.18,190,31,31,9.3333333330000006
densiflora,igelmossen,37.7,119.7763,14.32,192,42,35,12.44
densiflora,igelmossen,41.5,124.5952,12.1,190,60,57,14.05666667
densiflora,igelmossen,39.7,103.8828,15.05,190,58,53,8.7233333329999994
densiflora,igelmossen,25.7,130.6144,11.98,192,21,11,6.45
densiflora,igelmossen,31.4,120.764,15.31,194,16,12,7.5533333330000003
densiflora,igelmossen,32,114.3648,13.43,191,51,43,10.23
densiflora,igelmossen,27.4,115.5504,13.43,192,16,15,7.266666667
densiflora,igelmossen,50,133.8767,17.89,191,49,45,7.65
densiflora,igelmossen,48.3,111.9042,8.53,194,51,27,7.806666667
densiflora,igelmossen,39.5,133.5232,14.82,192,36,26,12.92
densiflora,igelmossen,40.4,112.6536,14.35,193,14,12,14.08
densiflora,igelmossen,31.4,87.3312,14.61,192,25,10,3.8433333329999999
densiflora,igelmossen,49.6,150.9084,12.71,195,48,48,15.43333333
densiflora,igelmossen,41.3,120.3174,16.12,191,57,52,12.45333333
densiflora,igelmossen,31.4,87.419,14.44,194,35,30,6.08
densiflora,igelmossen,44.6,94.4837,11.91,194,35,28,12.00333333
densiflora,igelmossen,40.5,131.4144,14.81,193,30,28,10.26333333
densiflora,igelmossen,45,77.7663,14.48,199,47,42,11.946666670000001
densiflora,igelmossen,52.7,87.7931,13.66,193,64,60,14.276666669999999
densiflora,igelmossen,30.5,89.0975,14.78,191,30,30,6.7533333329999996
densiflora,igelmossen,38.3,124.4309,12.34,194,34,30,11.84333333
densiflora,igelmossen,36,112.112,12.27,194,34,33,14.196666670000001
densiflora,igelmossen,40.3,72.01,14.42,198,44,40,7.9333333330000002
densiflora,igelmossen,34.2,74.5481,13.97,198,29,12,5.766666667
densiflora,igelmossen,40,140.2194,16.36,191,31,23,12.06666667
densiflora,igelmossen,33.5,85.278,14.28,194,31,23,6.1733333330000004
densiflora,igelmossen,38.9,134.2656,15.56,192,51,46,9.7766666670000006
densiflora,igelmossen,34.2,109.161,13.8,192,33,27,5.2566666670000002
densiflora,igelmossen,25.6,113.509,13.1,193,23,23,7.88
densiflora,igelmossen,24.9,124.5075,14.43,195,24,23,7.483333333
densiflora,igelmossen,31.4,112.547,14.16,195,40,23,6.5433333329999996
densiflora,igelmossen,30.7,115.479,14,193,25,19,6.943333333
densiflora,igelmossen,31,114.3776,14.21,191,30,19,5.09
densiflora,igelmossen,42.7,95.6536,15.43,192,51,47,8.8833333329999995
densiflora,igelmossen,43.9,145.9354,15.97,189,49,45,12.77
densiflora,igelmossen,37.5,107.787,11.39,196,30,27,7.66
densiflora,igelmossen,29.7,102.425,11.19,194,21,20,6.94
densiflora,igelmossen,24.1,111.6031,13.62,198,12,5,3.076666667
densiflora,igelmossen,38.2,102.5325,15.39,190,50,45,6.7466666670000004
densiflora,igelmossen,39.7,131.8872,15.02,191,42,39,11.74
densiflora,igelmossen,44,142.1665,15.57,191,59,53,11.91333333
densiflora,igelmossen,44.3,138.334,15.38,189,47,44,10.46666667
densiflora,igelmossen,45.1,111.7648,16.39,190,50,45,9.1766666669999992
densiflora,igelmossen,34.3,122.2299,13.44,194,34,30,4.95
densiflora,igelmossen,29.3,122.5666,14.28,193,25,24,9.82
densiflora,igelmossen,61.4,134.784,14.63,189,108,90,12.016666669999999
densiflora,igelmossen,36.8,100.3625,13.25,192,31,25,7.9933333329999998
densiflora,igelmossen,44,78.1378,14.69,195,38,30,5.09
densiflora,igelmossen,36.2,88.1337,10.58,190,59,53,7.39
densiflora,igelmossen,50,79.2474,13.71,187,74,56,11.7
densiflora,igelmossen,39.5,73.4904,13.69,195,20,16,6.1
densiflora,igelmossen,39.3,103.3416,13.83,193,24,22,7.85
densiflora,igelmossen,35.8,112.4802,12.31,195,20,17,7.31
densiflora,igelmossen,52.2,144.0518,14.11,192,44,38,17.193333330000002
densiflora,igelmossen,48,103.9864,14.02,198,44,37,12.623333329999999
densiflora,igelmossen,41.8,159.24,14.55,193,35,28,15.463333329999999
densiflora,igelmossen,40.6,123.6235,13.07,193,42,38,15.36333333
densiflora,igelmossen,42.2,141.504,17.03,190,33,33,13.38666667
densiflora,igelmossen,53.5,91.63,12.63,190,50,35,10.58333333
densiflora,igelmossen,52.8,103.246,12.04,197,43,28,8.0166666670000009
densiflora,igelmossen,48.2,118.6,12.42,189,50,40,8.9
densiflora,igelmossen,51.2,172.6992,15.01,188,72,67,13.50333333
densiflora,igelmossen,30.2,133.3521,15.88,196,29,23,9.9933333330000007
densiflora,igelmossen,33.9,163.2075,15.33,194,22,18,10.97666667
densiflora,igelmossen,40.7,149.9034,14.47,193,55,48,10.88
densiflora,igelmossen,46.3,145.5608,15.66,191,63,53,12.18333333
densiflora,igelmossen,37.9,131.6469,14.57,196,37,36,14.64
densiflora,igelmossen,23.2,144.9097,15.88,193,42,34,10.46666667
densiflora,igelmossen,42.9,155.928,17.46,189,58,51,10.34333333
densiflora,igelmossen,41,142.6848,14.16,193,50,38,9.0133333330000003
densiflora,igelmossen,42.9,102.292,13.51,195,41,40,7.7133333329999996
densiflora,igelmossen,47.5,103.36,15.46,191,40,32,11.53333333
densiflora,igelmossen,57,96.672,14.36,193,74,70,15.286666670000001
densiflora,igelmossen,54,209.157,15.18,188,92,91,11.15
densiflora,igelmossen,45.5,159.2125,17.16,192,46,39,12.346666669999999
densiflora,igelmossen,38.3,115.4608,14.84,191,42,26,10.22666667
densiflora,igelmossen,43.9,95.9082,13.7,195,52,30,9.86
densiflora,igelmossen,45,82.9587,15.38,189,52,47,8.1300000000000008
densiflora,ismantorp,35.1,160.524,15.43,186,34,30,9.9066666669999996
densiflora,ismantorp,25.4,146.3924,14.64,187,22,22,7.46
densiflora,ismantorp,30.2,137.193,14.26,183,30,30,10.10333333
densiflora,ismantorp,43.6,138.222,16.09,185,24,24,16.78
densiflora,ismantorp,31.6,110.0686,12.59,188,33,28,10.25333333
densiflora,ismantorp,31.6,103.0904,14.88,188,20,14,6.483333333
densiflora,ismantorp,25.8,124.6644,15.59,183,30,25,7.49
densiflora,ismantorp,33.2,95.4275,13.71,188,40,39,8.74
densiflora,ismantorp,25.9,123.088,14.94,182,32,19,5.233333333
densiflora,ismantorp,48.2,118.7032,14.88,188,48,48,10.926666669999999
densiflora,ismantorp,39.7,112.1796,16.46,187,55,55,10.463333329999999
densiflora,ismantorp,38.1,102.2186,14.05,187,45,36,7.15
densiflora,ismantorp,52.7,109.7712,13.42,185,64,61,13.8
densiflora,ismantorp,32.9,162.162,15.99,183,30,29,10.98
densiflora,ismantorp,44.3,133.0142,14.54,185,48,46,11.10333333
densiflora,ismantorp,38.5,120.7752,13.58,186,67,58,9.6733333330000004
densiflora,ismantorp,43.6,149.2092,16.35,182,59,59,15.143333330000001
densiflora,ismantorp,42.9,126.3444,13.72,186,38,38,10.446666670000001
densiflora,ismantorp,43.4,141.7734,16.39,185,58,58,15.036666670000001
densiflora,ismantorp,43.8,158.8771,16.06,186,44,41,16.013333329999998
densiflora,ismantorp,41.2,127.7312,13.6,188,55,53,10.21666667
densiflora,ismantorp,41.9,128.037,17.5,189,48,48,14.483333330000001
densiflora,ismantorp,47,145.8072,15.62,185,56,56,10.883333329999999
densiflora,ismantorp,33.9,124.925,15.39,188,42,42,12.52333333
densiflora,ismantorp,34,123.3424,14.59,186,53,53,12.96
densiflora,ismantorp,30.2,138.8986,16.2,188,33,32,11.2
densiflora,ismantorp,41.4,126.9316,13.35,183,55,53,10.65
densiflora,ismantorp,39.8,160.146,13.48,185,58,51,12.75333333
densiflora,ismantorp,28.9,100.9577,15.22,186,37,37,10.86
densiflora,ismantorp,35.6,113.7316,16.93,188,36,31,11.356666669999999
densiflora,ismantorp,34.2,120.9899,13.4,187,52,42,11.00666667
densiflora,ismantorp,30.5,95.3433,14.07,186,41,24,3.9666666670000001
densiflora,ismantorp,40.8,156.9672,15.62,182,58,56,14.516666669999999
densiflora,ismantorp,31,135.6917,16.25,186,43,39,11.22666667
densiflora,ismantorp,30.6,80.704,17.58,179,46,45,4.766666667
densiflora,ismantorp,36.4,103.704,16.63,181,48,48,6.8133333330000001
densiflora,ismantorp,37.4,108.0889,20.55,182,38,36,9.9266666669999992
densiflora,ismantorp,37.1,123.1302,18.06,188,45,43,11.83
densiflora,ismantorp,39.6,138.9609,12.99,189,64,60,10.48
densiflora,ismantorp,31.6,108.3663,14.49,187,43,41,9.8766666670000003
densiflora,ismantorp,21.2,100.5929,14.94,187,20,16,8.0106608779999995
densiflora,ismantorp,29,110.45,13.1,184,28,24,6.79
densiflora,ismantorp,25.6,112.3295,15.1,189,34,33,6.6433333330000002
densiflora,ismantorp,24.9,160.4043,14.52,184,23,22,9.18
densiflora,ismantorp,32.1,106.857,14.96,188,33,29,8.3766666670000003
densiflora,ismantorp,31.1,99.789,16.47,185,36,27,6.6966666669999997
densiflora,ismantorp,37.3,114.5907,13.76,186,61,45,8.6066666670000007
densiflora,ismantorp,28.9,111.161,15.74,184,53,51,7.8166666669999998
densiflora,ismantorp,19.1,100.0824,14.6,189,14,9,5.8366666670000003
densiflora,ismantorp,24.9,101.3405,12.74,187,46,37,5.1866666669999999
densiflora,ismantorp,22.8,84.9927,13.43,188,29,28,6.0933333330000004
densiflora,ismantorp,36.1,166.2276,16.33,185,50,46,14.143333330000001
densiflora,ismantorp,33.1,135.4372,13.23,188,58,58,12.223333330000001
densiflora,ismantorp,27.7,101.519,15.59,187,36,33,7.7733333330000001
densiflora,ismantorp,40.5,130.4386,15.39,187,54,48,8.7799999999999994
densiflora,ismantorp,34.8,134.936,16.79,186,39,35,11.23666667
densiflora,ismantorp,31,106.4637,13.38,184,68,68,7.06
densiflora,ismantorp,36.9,130.2051,13.3,185,33,33,11.34333333
densiflora,ismantorp,26.4,129.444,16.29,180,31,29,7.516666667
densiflora,ismantorp,33.8,132.9216,16.25,183,37,34,9.84
densiflora,ismantorp,31.6,156.1365,15.06,185,28,27,9.4166666669999994
densiflora,ismantorp,33.4,147.0668,14.9,186,39,39,7.22
densiflora,ismantorp,26.9,85.9902,11.26,187,34,32,6.7166666670000001
densiflora,ismantorp,29.4,132.7515,14.76,187,48,43,10.18
densiflora,ismantorp,30.8,135.8505,10.99,187,45,38,9.5466666670000002
densiflora,ismantorp,31.6,141.8208,14.4,181,37,36,9.06
densiflora,ismantorp,32,112.905,13.73,181,43,42,10.94
densiflora,ismantorp,34.8,114.7062,13.35,189,57,56,11.65666667
densiflora,ismantorp,36.3,122.092,16.5,184,33,32,8.84
densiflora,ismantorp,28.5,88.506,14.19,189,40,28,9.31
densiflora,ismantorp,33.5,103.4922,14.75,188,30,30,6.4633333329999996
densiflora,ismantorp,37.8,151.164,13.86,186,26,26,10.57
densiflora,ismantorp,26.9,101.9163,10.28,187,31,24,7.0433333329999996
densiflora,ismantorp,25.8,82.2492,13.73,187,34,33,11.706666670000001
densiflora,ismantorp,32.5,148.452,11.68,183,51,47,10.573333330000001
densiflora,ismantorp,23,138.9975,16.89,184,31,29,6.346666667
densiflora,ismantorp,30.5,113.3744,13.86,184,33,31,11.83333333
densiflora,ismantorp,24.4,116.046,14.05,183,31,28,9.2533333330000005
densiflora,ismantorp,35.2,130.0601,14.83,183,39,35,11.606666669999999
densiflora,ismantorp,30.2,121.2878,13.02,188,49,45,7.89
densiflora,ismantorp,24.2,126.405,11.38,187,39,27,5.9066666669999996
densiflora,ismantorp,40.6,150.552,17.2,186,46,45,12.553333329999999
densiflora,ismantorp,37.5,163.6362,14.93,185,27,22,12.23
densiflora,ismantorp,34.7,131.7442,15.53,188,36,33,9.8633333329999999
densiflora,ismantorp,27.1,113.139,12.84,189,32,26,7.6333333330000004
densiflora,ismantorp,25.8,83.0525,11.17,189,46,41,6.38
densiflora,ismantorp,25.8,110.5884,13.33,190,43,25,6.1266666670000003
densiflora,ismantorp,26.4,137.396,12.36,186,43,40,7.5733333329999999
densiflora,ismantorp,36,176.1102,13.17,185,59,58,14.74333333
densiflora,ismantorp,35.6,121.7349,14.41,188,33,33,8.3266666669999996
densiflora,ismantorp,22,107.9808,12.26,189,35,35,7.6566666669999996
densiflora,ismantorp,23.7,164.0646,12.68,187,27,25,7.3866666670000001
densiflora,ismantorp,28.6,152.5517,14.53,184,33,30,8.9802280509999992
densiflora,ismantorp,37.6,59.5386,13.56,189,39,38,8.26
densiflora,ismantorp,31.4,99.5072,11.29,189,46,46,7.1766666670000001
densiflora,ismantorp,35.1,126.3557,14.42,189,29,29,11.47
densiflora,ismantorp,41.4,181.0278,12.97,185,43,43,7.39
densiflora,ismantorp,31.4,133.0656,13.49,188,28,23,6.306666667
densiflora,ismantorp,31.5,119.0864,13.07,187,44,35,6.6833333330000002
densiflora,ismantorp,29.2,125.994,14.8,183,15,15,12.12
densiflora,ismantorp,29.1,122.8532,12.69,186,46,41,10.186666669999999
densiflora,ismantorp,28.1,117.279,14.28,187,42,41,10.553333329999999
densiflora,ismantorp,45.3,150.444,13.62,188,54,51,13.21666667
densiflora,ismantorp,42.4,160.8616,16.35,189,50,47,17
densiflora,ismantorp,28.6,151.1073,14.37,188,20,20,11.43333333
densiflora,ismantorp,31.7,110.5488,15.78,187,43,41,12.2
densiflora,ismantorp,30.8,171.6272,14.76,185,27,27,12.14
densiflora,ismantorp,28.5,138.069,14.98,186,34,34,12.53333333
densiflora,ismantorp,34.1,143.961,11.76,182,42,39,6.9166666670000003
densiflora,ismantorp,39.8,189.6032,15.93,183,65,65,10.93
densiflora,ismantorp,38.1,126.7527,13.9,184,50,50,11.403333330000001
densiflora,ismantorp,40.2,186.5976,15.05,180,69,19,6.6986829649999997
densiflora,ismantorp,40.4,117.793,14.93,185,53,50,10.70333333
densiflora,ismantorp,31.1,115.2634,13.72,186,46,27,8.9666666670000001
densiflora,ismantorp,41.9,155.1655,14.11,183,53,46,11.33666667
conopsea,kalkstad,28.8,144.3156,16.61,168,35,29,12.614436919999999
conopsea,kalkstad,25.5,86.7216,14.37,171,19,15,9.3976182290000008
conopsea,kalkstad,38.6,112.4442,16.58,175,33,26,11.58666667
conopsea,kalkstad,34.3,88.773,17.14,175,35,35,10.96
conopsea,kalkstad,43,78.5701,15.95,176,40,37,9.6066666670000007
conopsea,kalkstad,38,115.72,18.27,175,33,27,9.6666666669999994
conopsea,kalkstad,23.2,82.1534,12.18,169,32,19,6.3566666669999998
conopsea,kalkstad,32.1,104,16.1,167,45,38,8.9333333330000002
conopsea,kalkstad,34,113.7232,16.76,175,39,36,11.56666667
conopsea,kalkstad,29.4,102.36,14.59,173,31,25,7.83
conopsea,kalkstad,24,95.4005,13.78,179,16,10,8.056666667
conopsea,kalkstad,29.4,76.266,16.9,178,38,24,10.47638049
conopsea,kalkstad,26.9,92.7424,16.93,173,24,22,23.91
conopsea,kalkstad,26.4,83.4782,15.51,172,26,23,10.47638049
conopsea,kalkstad,18.7,87.464,15.32,175,16,14,11.56
conopsea,kalkstad,24,84.4641,17.52,174,21,15,10.79666667
conopsea,kalkstad,28.4,75.3951,14.91,170,30,25,10.47638049
conopsea,kalkstad,29.8,101.32,16.86,176,32,25,9.7833333329999999
conopsea,kalkstad,33.6,122.3222,9.21,171,12,4,10.633333329999999
conopsea,kalkstad,52.3,121.4157,16.33,175,52,51,10.47638049
conopsea,kalkstad,27.6,93.4372,15.4,172,20,18,11.31
conopsea,kalkstad,25.4,104.2472,16.28,177,17,12,9.6433333329999993
conopsea,kalkstad,22.5,91.4144,17.19,170,29,27,6.55
conopsea,kalkstad,27,98.728,17.43,168,39,37,7.3866666670000001
conopsea,kalkstad,41.1,103.6592,16.82,176,34,32,12.82666667
conopsea,kalkstad,43.5,97.722,15.07,173,39,38,11.15
conopsea,kalkstad,31.2,111.969,14.42,171,21,19,11.36333333
conopsea,kalkstad,46.1,89.5685,18.25,174,44,42,16.010000000000002
conopsea,kalkstad,26.9,83.2708,17.1,172,28,8,4.4800000000000004
conopsea,kalkstad,40.3,81.6024,17.34,173,37,34,10.463333329999999
conopsea,kalkstad,35.3,73.9328,18.46,171,50,40,10.786666670000001
conopsea,kalkstad,24.4,67.1072,12.71,179,4,2,19.3
conopsea,kalkstad,33.1,88.9143,15.99,174,52,50,12.366666670000001
conopsea,kalkstad,23.6,64.5008,16.4,176,28,24,11.01
conopsea,kalkstad,32.1,91.0035,13.51,178,28,22,14.7
conopsea,kalkstad,32.2,61.758,16.96,173,31,24,5.59
conopsea,kalkstad,32.2,98.748,18.05,175,35,29,9.35
conopsea,kalkstad,34.6,112.0896,15.93,176,33,24,15.096666669999999
conopsea,kalkstad,31.4,74.7813,16.03,175,26,17,5.72
conopsea,kalkstad,39.6,111.5336,17.07,174,31,23,11.053333329999999
conopsea,kalkstad,24.2,75.5723,17.96,174,30,24,8.02
conopsea,kalkstad,30.2,57.72,15.53,174,21,16,4.62
conopsea,kalkstad,29.3,103.704,17.17,173,32,28,8.9466666670000006
conopsea,kalkstad,43.9,67.2336,18.36,171,55,52,10.44333333
conopsea,kalkstad,41.6,109.368,15.22,171,42,34,9.8333333330000006
conopsea,kalkstad,32.5,34.7949,14.69,169,18,15,14.94333333
conopsea,kalkstad,34.9,81.3636,17.1,173,27,27,12.72
conopsea,kalkstad,38,83.2128,18.1,170,34,34,12.65666667
conopsea,kalkstad,40.6,96.3623,18.35,174,33,31,16.643333330000001
conopsea,kalkstad,28.2,80.2006,15.55,174,31,26,9.4600000000000009
conopsea,kalkstad,36.3,106.774,14.15,171,46,42,10.45333333
conopsea,kalkstad,36.4,89.6796,17.53,171,30,30,12.27333333
conopsea,kalkstad,27.7,68.3942,16.22,173,13,12,16.07
conopsea,kalkstad,25,57.2285,13.58,174,18,13,10.47638049
conopsea,kalkstad,24.2,81.7665,16,174,19,13,13.116666670000001
conopsea,kalkstad,30.6,94.8378,17.83,176,37,26,10.47638049
conopsea,kalkstad,26.4,88.3801,17.15,173,18,17,7.72
conopsea,kalkstad,20.6,73.4425,13.76,175,17,10,5.54
conopsea,kalkstad,37.5,71.5399,15.85,171,46,44,10.029999999999999
conopsea,kalkstad,39,81.3564,16.54,172,36,31,9.66
conopsea,kalkstad,26.1,73.34,19.48,172,24,22,7.89
conopsea,kalkstad,32.4,53.1286,19.07,172,31,31,8.3333333330000006
conopsea,kalkstad,24.5,71.4618,16.63,179,14,7,4.693333333
conopsea,kalkstad,39.5,144.3,16.67,180,33,33,15.893333330000001
conopsea,kalkstad,28.4,97.7226,19.66,180,34,29,12.42333333
conopsea,kalkstad,32.1,78.4128,13.23,171,20,17,6.806666667
conopsea,kalkstad,26.4,84.3115,15.35,175,20,16,8.58
conopsea,kalkstad,26.5,74.0592,14.67,176,42,39,9.9666666670000001
conopsea,kalkstad,19.8,73.8342,16.43,173,31,26,5.9666666670000001
conopsea,kalkstad,27,85.9418,15.71,178,28,22,12.2
conopsea,kalkstad,22.7,91.341,16.64,172,18,16,14.74333333
conopsea,kalkstad,35.1,54.6845,16.82,174,27,20,4.8833333330000004
conopsea,kalkstad,19.4,55.4265,14.95,171,28,13,7.98
conopsea,kalkstad,35.1,95.8485,19.83,172,39,37,7.3833333330000004
conopsea,kalkstad,33.4,72.995,13.3,176,41,32,12.096666669999999
conopsea,kalkstad,34.3,98.8125,17.2,176,32,18,13.17
conopsea,kalkstad,34.3,88.722,16.44,173,24,19,4.9166666670000003
conopsea,kalkstad,30,118.0296,18.06,173,32,22,5.9366666669999999
conopsea,kalkstad,27.2,99.6382,16.85,172,46,41,7.0433333329999996
conopsea,kalkstad,34.5,122.084,15.58,172,31,29,7.48
conopsea,kalkstad,32.7,110.7567,15.66,175,23,21,17.013333329999998
conopsea,kalkstad,19.7,64.9649,12.47,175,24,11,5.8166666669999998
conopsea,kalkstad,30,65.5385,17.1,173,22,20,6.3433333330000004
conopsea,kalkstad,31.8,108.609,16.96,174,23,21,14.596666669999999
conopsea,kalkstad,30,86.9976,18.21,178,28,24,15.02
conopsea,kalkstad,35,112.4585,13.63,181,45,37,16.510000000000002
conopsea,kalkstad,37.5,67.2782,18.24,172,29,27,12.80666667
conopsea,kvinneby,24.5,142.05,15.95,163,11,11,18.15952558
conopsea,kvinneby,33.8,94.6827,15.7,167,32,26,13.88259959
conopsea,kvinneby,21.1,83.0328,14.81,168,26,11,7.3225508059999997
conopsea,kvinneby,29,144.0576,16.08,159,43,43,15.37792876
conopsea,kvinneby,22.8,54.7976,16.43,169,17,11,9.8122805159999995
conopsea,kvinneby,26.5,128.7563,17.58,164,34,31,10.62728918
conopsea,kvinneby,20.2,113.025,13.19,163,30,26,11.17808881
conopsea,kvinneby,20.2,78.5196,15.92,169,33,29,10.71
conopsea,kvinneby,24.6,132.8975,13.81,166,33,33,13.493329040000001
conopsea,kvinneby,16.7,87.552,12.89,164,23,20,6.8315314980000004
conopsea,kvinneby,20.3,114.0894,15.4,168,13,13,11.19988755
conopsea,kvinneby,34.3,125.541,13.97,171,52,44,11.9925
conopsea,kvinneby,32.2,91.531,14.98,165,32,32,13.3475
conopsea,kvinneby,23.5,99.5193,14.74,161,21,19,9.2066086439999992
conopsea,kvinneby,26.6,156.8184,18.02,163,33,29,7.3949999999999996
conopsea,kvinneby,25,109.0194,15.56,167,20,16,10.15242647
conopsea,kvinneby,15.6,125.367,20.79,167,16,15,9.2348660779999996
conopsea,kvinneby,20.2,138.8979,15.04,166,22,21,8.1875
conopsea,kvinneby,29.8,115.4816,18.09,160,60,54,18.241789170000001
conopsea,kvinneby,22.4,111.1088,15.82,163,37,33,10.11900045
conopsea,kvinneby,23.6,145.5032,14.62,170,21,16,6.9966666670000004
conopsea,kvinneby,33.9,134.8984,16.62,167,32,32,10.256909419999999
conopsea,kvinneby,26,143.0328,16.36,167,33,17,20.396666669999998
conopsea,kvinneby,23.5,129.2053,17.52,164,51,34,9.4600000000000009
conopsea,kvinneby,19.8,100.8994,14.84,163,34,17,7.3680670920000004
conopsea,kvinneby,20.2,102.3198,17.3,169,21,16,8.3966666669999999
conopsea,kvinneby,18.5,98.0445,16.03,169,26,23,5.79
conopsea,kvinneby,21.3,131.8131,15.39,165,37,36,5.4633333329999996
conopsea,kvinneby,17.9,122.67,16.87,168,20,18,6.7433333329999998
conopsea,kvinneby,23.5,131.6237,15.69,168,29,17,6.6220220220000003
conopsea,kvinneby,19.9,150.2064,17.21,169,23,19,11.43333333
conopsea,kvinneby,31.5,142.2044,17.59,166,43,41,6.4133333329999997
conopsea,kvinneby,24.6,128.6712,18.42,167,44,22,7.2427207579999999
conopsea,kvinneby,21.2,99.4378,12.93,168,28,18,5.5120506389999999
conopsea,kvinneby,22.7,112.1883,16.19,166,29,28,6.86
conopsea,kvinneby,29.8,104.814,15.63,167,37,33,7.37
conopsea,kvinneby,32.1,84.1976,16.75,168,25,15,7.0061221460000001
conopsea,kvinneby,28.9,64.1024,14.86,175,47,36,8.8933333329999993
conopsea,kvinneby,21.3,83.5347,14.71,172,34,30,7.2033333329999998
conopsea,kvinneby,21.2,67.0502,15.28,172,35,23,5.75
conopsea,kvinneby,22,121.3672,14.08,168,39,25,6.8033333330000003
conopsea,kvinneby,18.9,77.72,15.55,170,28,11,3.4366666669999999
conopsea,kvinneby,14,75.4221,13.75,170,36,33,10.106666669999999
conopsea,kvinneby,26.4,90.2086,13.22,170,40,33,11.74
conopsea,kvinneby,24.1,87.2715,17.21,172,15,13,11.44333333
conopsea,kvinneby,24,115.2756,13.41,169,39,29,7.0904949989999997
conopsea,kvinneby,20.3,90.0458,15.38,170,33,31,9.5833333330000006
conopsea,kvinneby,22.4,69.324,16.86,172,16,15,6.81
conopsea,kvinneby,19.5,81.9854,16.07,170,28,24,8.41
conopsea,kvinneby,29.6,122.9877,14.72,169,34,27,8.2284935249999993
conopsea,kvinneby,21.9,71.019,14.45,169,33,31,13.12
conopsea,kvinneby,21.3,99.3168,15.96,166,33,32,16.00230273
conopsea,kvinneby,21.3,40.986,12.2,165,32,21,12.20500343
conopsea,kvinneby,9.5,48.7485,12.72,172,16,8,2.96
conopsea,kvinneby,27,75.691,11.5,166,32,17,9.1894842170000004
conopsea,kvinneby,38.1,116.5563,15.17,169,43,37,8.3233333330000008
conopsea,kvinneby,30.6,109.1793,14.66,169,38,32,6.6266666670000003
conopsea,kvinneby,19.7,81.1538,14.28,171,34,25,12.557665979999999
conopsea,kvinneby,23.6,94.6647,14.14,169,20,18,7.993681273
conopsea,kvinneby,27.1,101.479,13.61,168,39,37,8.43
conopsea,kvinneby,21.6,54.5265,10.09,164,36,12,7.3566666669999998
conopsea,kvinneby,30.4,126.84,16.67,172,44,35,9.1066666670000007
conopsea,kvinneby,28.2,95.1225,14.51,166,39,35,12.680860190000001
conopsea,kvinneby,27.9,104.878,13.88,169,26,13,7.2833333329999999
conopsea,kvinneby,25.5,59.2668,13.2,172,43,37,8.18
conopsea,kvinneby,31.7,118.818,14.56,169,24,18,6.73
conopsea,kvinneby,35.2,150.0734,17.87,168,47,44,6.5372132250000003
conopsea,kvinneby,18.8,119.952,12.65,172,32,18,5.6366666670000001
conopsea,kvinneby,22.6,100.9746,14.45,168,34,25,7.7628482390000002
conopsea,kvinneby,25.7,81.5994,15.23,171,17,14,13.001617449999999
conopsea,kvinneby,32.8,127.8564,15.71,168,36,34,11.01
conopsea,kvinneby,24.1,121.499,13.86,170,31,18,14.956666670000001
conopsea,kvinneby,30.2,116.512,16.91,169,46,42,15.133067329999999
conopsea,kvinneby,28.4,114.2914,16.81,169,52,47,16.751101680000001
conopsea,kvinneby,23.5,39.8187,12.54,163,26,16,9.310712616
conopsea,kvinneby,25.4,52.2453,10.43,163,51,49,14.932843139999999
conopsea,kvinneby,21.7,79.5945,15.93,171,15,14,8.8666666670000005
conopsea,kvinneby,26,86.7888,13.68,171,35,26,10.32666667
conopsea,kvinneby,28.1,73.0542,16.06,162,37,33,19.07481585
conopsea,kvinneby,20.5,100.5872,12.75,162,47,22,13.70606596
conopsea,kvinneby,21.6,74.3002,13.61,166,38,15,4.5096027940000001
conopsea,kvinneby,20,42.3255,11.55,163,42,19,10.476433310000001
conopsea,kvinneby,23.1,71.364,13.72,160,40,26,14.90426321
conopsea,langlot,24.1,98.5872,15.03,170,48,44,12.11001158
conopsea,langlot,22.5,123.54,14.67,169,37,36,12.43333333
conopsea,langlot,15.7,121.3986,16.36,177,9,5,10.66
conopsea,langlot,22.1,104.481,15.11,175,15,11,9.3233333330000008
conopsea,langlot,32.4,91.1904,16.99,176,35,35,10.686666669999999
conopsea,langlot,35.9,61.32,16.29,176,13,11,9.8666666670000005
conopsea,langlot,22.3,83.028,13.2,169,19,18,5.34
conopsea,langlot,31.8,82.6248,12.63,169,35,23,11.10306956
conopsea,langlot,25.4,129.0515,16.68,174,29,28,13.17
conopsea,langlot,34.7,148.7904,13.37,171,50,48,9.0866666669999994
conopsea,langlot,29.7,118.0848,15.78,178,17,13,9.7566666669999993
conopsea,langlot,28.2,115.024,14.25,168,22,10,15.983333330000001
conopsea,langlot,11.8,129.0645,10.96,169,16,0,NA
conopsea,langlot,35.5,113.49,18.05,172,22,22,23.223333329999999
conopsea,langlot,28.4,121.3575,14.18,178,22,20,14.47
conopsea,langlot,22,63.6665,9.45,181,8,1,3.62
conopsea,langlot,27,83.6676,14.66,183,36,0,NA
conopsea,langlot,24.4,128.0884,16.53,170,32,21,5.7507552349999997
conopsea,langlot,30.2,68.306,15.13,177,37,16,6.86
conopsea,langlot,18.3,93.3198,13.77,172,31,28,7.0066666670000002
conopsea,langlot,19.6,146.8635,15.03,169,53,51,6.6666666670000003
conopsea,langlot,29.5,121.8152,15.12,170,34,31,10.169356199999999
conopsea,langlot,33.2,157.6834,16.95,165,26,19,12.66801051
conopsea,langlot,26.3,87.8416,13.71,172,40,11,7.23
conopsea,langlot,29.1,128.3908,14.62,171,26,17,8.9
conopsea,langlot,25,91.0296,19.14,176,15,7,9.7666666670000009
conopsea,langlot,23.9,127.7287,14.58,171,44,44,10.475
conopsea,langlot,17,66.6816,13.05,180,17,12,3.0449999999999999
conopsea,langlot,28.6,123.728,15.16,184,42,38,13.59
conopsea,langlot,14.3,82.1878,13.88,172,9,4,9.2663159020000005
conopsea,langlot,37.5,95.2515,17.45,179,28,20,7.9666666670000001
conopsea,langlot,30.1,145.928,14.12,170,36,31,16.196666669999999
conopsea,langlot,25.5,70.4704,14.59,177,29,13,7.61
conopsea,langlot,37.4,144.71,18.85,182,30,29,8.1566666669999996
conopsea,langlot,27.6,95.3258,13.75,171,51,47,10.299592710000001
conopsea,langlot,18.3,58.5312,16.45,169,19,19,9.6166666670000005
conopsea,langlot,21.5,84.0392,13.6,171,28,24,7.3866666670000001
conopsea,langlot,31.7,100.9449,13.65,180,48,34,8.44
conopsea,langlot,21.5,84.9744,15.02,179,16,3,5.18
conopsea,langlot,24.1,96.566,14.92,175,28,26,7.9133333329999997
conopsea,langlot,18.9,96.9848,10.87,171,23,21,4.5866666670000003
conopsea,langlot,32.7,106.782,17.58,166,60,51,12.453172929999999
conopsea,langlot,22.5,75.6024,13.38,169,36,27,10.299592710000001
conopsea,langlot,31.8,107.5668,13.02,166,32,7,14.44744841
conopsea,langlot,26.3,93.8119,15.26,167,25,19,12.74
conopsea,langlot,31,105.5943,15.15,176,29,23,13.373333329999999
conopsea,langlot,31.5,120.7899,15.73,170,24,22,13.48577719
conopsea,langlot,22.9,109.4926,16.89,165,30,30,12.16333333
conopsea,langlot,37.7,97.1609,14.17,170,35,17,14.49
conopsea,langlot,31.6,135.4251,13.02,170,27,22,16.583333329999999
conopsea,langlot,29.8,171.462,16.63,172,45,45,18.11333333
conopsea,langlot,25.8,58.497,13.77,172,43,12,9.2060738610000001
conopsea,langlot,14,87.0584,12.74,178,16,3,5.6066666669999998
conopsea,langlot,24.5,75.3768,14.17,170,38,31,9.6552252979999995
conopsea,langlot,37.1,72.1809,16.03,174,39,36,12.133333329999999
conopsea,langlot,25,99.3032,14.5,175,31,30,9.7666666670000009
conopsea,langlot,19.6,97.1456,14.64,173,30,27,7.41
conopsea,langlot,30.4,73.7722,12.81,175,34,31,10.47
conopsea,langlot,27.6,111.9186,16.92,171,37,36,10.563333330000001
conopsea,langlot,31.5,52.722,12.51,173,31,23,8.4366666670000008
conopsea,langlot,30.3,140.3534,14.69,171,33,32,11.994999999999999
conopsea,langlot,25,83.125,12.49,173,34,9,7.0564265190000004
conopsea,langlot,28,107.9892,15.49,161,40,33,13.72015289
conopsea,langlot,22.1,116.809,16.73,167,37,25,11.859217579999999
conopsea,langlot,26.2,95.7859,14.62,172,31,30,6.3833333330000004
conopsea,langlot,28.2,102.0936,12.8,170,27,23,12.64
conopsea,langlot,35,81.4328,14.03,175,45,35,9.1433333329999993
conopsea,langlot,17.5,104.1822,12.22,182,25,4,5.8433333330000004
conopsea,langlot,16.7,80.9944,12.4,169,25,16,4.68
conopsea,langlot,23.2,94.1493,13.61,168,35,33,5.38
conopsea,langlot,17.1,69.8984,10.59,173,22,14,9.0298626290000001
conopsea,langlot,21.4,66.2796,13.35,173,32,31,6.8925000000000001
conopsea,langlot,30.5,141.636,15.8,160,46,27,10.82289117
conopsea,langlot,15.9,82.5316,12.55,162,20,7,6.3401193280000001
conopsea,langlot,22.9,86.7744,17.26,172,23,18,8.2733333330000001
conopsea,langlot,28.2,123.192,15.4,164,36,31,6.2266666669999999
conopsea,langlot,23.3,72.336,14.75,176,39,35,10.40666667
conopsea,langlot,40.8,120.6625,15.81,180,26,24,18.61
conopsea,langlot,28.7,88.6998,14.16,171,36,36,17.553333330000001
conopsea,langlot,36.6,83.5944,13.36,183,22,13,8.3733333329999997
conopsea,langlot,23.1,102.306,14.88,171,28,23,7.483333333
conopsea,langlot,22.5,63.535,14.34,179,27,8,4.7010705770000003
conopsea,langlot,38.5,118.0942,16.67,175,28,27,12.34
conopsea,langlot,23.9,106.7632,14.35,173,23,18,11.8
conopsea,langlot,23.5,64.4272,13.38,172,18,17,9.4166666669999994
conopsea,langlot,33.7,98.7266,15.64,173,32,30,5.77
conopsea,langlot,25.5,69.8972,15.61,173,30,27,10.96
conopsea,langlot,37.1,183.9375,17.54,169,50,45,16.556666669999998
conopsea,langlot,31,110.6,15.91,170,46,43,12.073333330000001
conopsea,langlot,33.4,81.4062,13.44,172,34,30,8.4166666669999994
conopsea,langlot,23,64.349,14.08,169,29,28,13.77512387
conopsea,langlot,27.9,142.7748,14.96,172,46,42,13.95
conopsea,langlot,28,90.7081,15.87,172,44,39,13.69
conopsea,langlot,26.2,66.5576,17.08,178,32,15,7.9533333329999998
conopsea,langlot,27.2,131.224,15.31,173,27,26,19.72666667
conopsea,langlot,28.8,123.5697,16.35,171,39,35,11.79666667
conopsea,langlot,31.4,71.6,15.15,175,42,38,13.483333330000001
conopsea,langlot,23.2,101.454,13.87,172,51,44,6.7633333330000003
conopsea,langlot,26.2,108.5644,11.9,173,28,25,7.5133333330000003
conopsea,langlot,24.2,86.7152,16.91,176,33,11,5.36
conopsea,langlot,24.2,83.5088,15.98,182,21,20,8.16
conopsea,langlot,39.9,82.4964,12.73,172,32,28,13.126666670000001
conopsea,langlot,17.5,131.5295,16.32,169,28,7,7.0914037209999998
conopsea,langlot,28.6,111.4747,14.54,178,49,43,14.99666667
conopsea,langlot,19.8,104.085,12.64,167,11,0,NA
conopsea,melosa,20.5,124.025,14.06,166,32,28,13.45333333
conopsea,melosa,20.7,115.6102,15.24,170,27,23,9.9166666669999994
conopsea,melosa,31.4,80.8824,13.91,173,39,27,11.380451170000001
conopsea,melosa,24.9,114.0828,11.37,166,17,6,5.9366666669999999
conopsea,melosa,14.5,95.304,16.55,169,21,8,9.3533333330000001
conopsea,melosa,21.7,122.58,15.09,170,48,32,8.11
conopsea,melosa,12.1,71.456,12,163,14,0,NA
conopsea,melosa,15.8,87.463,14.02,170,24,0,NA
conopsea,melosa,20.5,115.8072,17.12,172,58,49,21.98
conopsea,melosa,28.2,84.0378,12.68,170,44,30,8.5399999999999991
conopsea,melosa,17,102.5136,12.58,169,46,22,8.7333333329999991
conopsea,melosa,14,107.3088,11.79,175,35,11,6.2733333330000001
conopsea,melosa,23.2,102.4443,13,169,33,0,NA
conopsea,melosa,17.2,118.5507,15.83,171,67,40,11.463333329999999
conopsea,melosa,17.8,76.9405,12.4,161,24,21,11.87769016
conopsea,melosa,17.4,113.948,13.23,163,20,8,11.171679989999999
conopsea,melosa,25,86.1328,14.42,173,33,23,10.313333330000001
conopsea,melosa,19.8,144.3354,13.91,171,30,0,NA
conopsea,melosa,20.6,107.0554,13.73,181,33,25,11.82666667
conopsea,melosa,10.5,84.2616,13.37,171,15,9,7.3766666670000003
conopsea,melosa,22.6,130.9542,15.64,164,47,40,12.653333330000001
conopsea,melosa,31.3,166.0892,15.84,170,36,34,16.966666669999999
conopsea,melosa,19.8,187.0583,18.35,175,46,40,23.95
conopsea,melosa,24,136.6537,17.22,173,33,30,12.88666667
conopsea,melosa,25.5,144.2986,14.44,170,48,44,11.75333333
conopsea,melosa,21.9,118.6684,13.43,175,29,27,13.82666667
conopsea,melosa,30.8,120.6885,15.02,169,38,28,14.56
conopsea,melosa,22.9,120.1593,15.07,171,50,47,13.90666667
conopsea,melosa,20.5,115.0887,14.69,172,55,25,6.15
conopsea,melosa,35.2,158.0936,16.43,173,73,67,20.236666670000002
conopsea,melosa,31.1,141.4818,16.86,172,66,65,25.633333329999999
conopsea,melosa,25.1,123.942,15.61,174,53,39,13.313333330000001
conopsea,melosa,29.5,146.8948,16.54,170,42,41,12.266666669999999
conopsea,melosa,26.2,116.18,15.71,170,52,32,20.88666667
conopsea,melosa,18.7,110.9895,11.3,170,40,25,6.596666667
conopsea,melosa,26.9,123.5154,14.44,177,47,45,16.2
conopsea,melosa,18.5,104.8234,16.2,175,46,41,12.22666667
conopsea,melosa,27.3,145.502,17.91,170,39,38,11.14666667
conopsea,melosa,29.2,113.7444,13.17,170,55,29,9.9333333330000002
conopsea,melosa,12.1,90.6393,14.08,166,32,14,8.5933333330000004
conopsea,melosa,14.9,92.8916,16.79,168,21,12,8.6566666669999996
conopsea,melosa,15.9,97.0735,14.24,166,19,7,7.57
conopsea,melosa,19.3,129.0015,14.12,161,31,18,10.328824559999999
conopsea,melosa,12.2,68.5952,13.17,170,17,6,5.1561952030000002
conopsea,melosa,11.2,96.393,13.75,164,25,11,6.8450356550000002
conopsea,melosa,16,95.656,14.23,173,32,23,7.22
conopsea,melosa,10.9,116.213,11.67,174,23,5,12.177075869999999
conopsea,melosa,25.2,112.1466,15.82,175,53,46,21.986666670000002
conopsea,melosa,21.7,108.8472,13.99,175,32,27,10.96
conopsea,melosa,13.5,130.1112,14.63,166,21,9,11.81511587
conopsea,melosa,23.5,85.8546,15.48,172,40,33,7.6833333330000002
conopsea,melosa,19.4,113.8656,15.1,165,18,15,10.175184829999999
conopsea,melosa,26,59.961,13.32,164,42,23,14.98956544
conopsea,melosa,27.8,164.706,16.96,171,32,17,14.27
conopsea,melosa,24.5,98.9824,12.96,166,43,36,9.8466666669999992
conopsea,melosa,17.5,109.1076,16.37,162,19,9,11.59021166
conopsea,melosa,20.9,91.6864,12.83,163,43,24,12.074935480000001
conopsea,melosa,11.5,114.2946,15.97,175,6,2,9.2099216629999994
conopsea,melosa,19.5,132.2959,14.48,175,26,19,14.77333333
conopsea,melosa,13.5,89.9712,12.28,174,40,13,6.0866666670000003
conopsea,melosa,17.9,91.0175,15.49,162,23,3,11.02638904
conopsea,melosa,9.9,87.048,14.27,172,18,14,9.8733333329999997
conopsea,melosa,17,104.9664,15.11,174,16,12,6.9766666669999999
conopsea,melosa,25.4,102.0162,16.16,171,36,35,11.380451170000001
conopsea,melosa,18.4,119.2836,11.44,172,23,5,7.6710665430000002
conopsea,melosa,15.7,109.1944,15.06,175,34,28,9.5633333329999992
conopsea,melosa,30.4,151.2108,18.54,170,45,38,14.553333329999999
conopsea,melosa,21.5,162.3005,15.64,174,44,42,11.74666667
conopsea,melosa,26,99.6723,18.17,173,36,31,6.7233333330000002
conopsea,melosa,18.3,104.8192,16.76,171,46,15,17.266666669999999
conopsea,melosa,26.4,134.6028,15.88,173,32,26,11.14666667
conopsea,melosa,22.5,131.9672,12.63,168,16,9,20.600203919999998
conopsea,melosa,18.4,116.16,14.01,174,30,12,7.403333333
conopsea,melosa,25,113.1123,17.17,175,43,32,8.8666666670000005
conopsea,melosa,19.5,69.759,14.27,167,21,13,9.9049999999999994
conopsea,melosa,17,109.5616,12.04,170,37,31,7.09
conopsea,melosa,31,92.8309,11.96,159,49,30,13.51093972
conopsea,melosa,17.9,112.4254,15.13,161,39,27,13.0786891
conopsea,melosa,21.2,110.39,13.6,170,35,20,5.4766666669999999
conopsea,melosa,19.5,180.6624,13.55,164,36,29,19.86120537
conopsea,melosa,20.2,89.806,11.19,163,32,18,13.4370218
conopsea,melosa,23.9,145.522,13.63,164,46,37,17.044807909999999
conopsea,melosa,21.8,99.314,16.61,163,35,33,9.2766666670000006
conopsea,melosa,17.6,94.329,15.95,170,37,32,13.17
conopsea,melosa,22.5,106.352,15.13,161,28,19,11.898974519999999
conopsea,melosa,19.3,94.4229,16.4,161,12,4,10.45173073
conopsea,melosa,19.3,146.3751,13.56,168,28,0,NA
conopsea,melosa,17.3,152.2872,19.59,166,28,27,11.973333330000001
conopsea,melosa,20.5,101.4429,16.12,170,52,47,12.893333330000001
conopsea,melosa,16.9,89.6336,15.15,172,23,18,10.590835289999999
conopsea,melosa,18.3,88.57,12.57,159,20,19,9.5221279590000005
conopsea,melosa,24.1,140.9184,15.25,165,22,19,10.653333330000001
conopsea,melosa,16.6,110.8905,15.37,167,31,23,8.92
conopsea,melosa,27.2,146.952,17.96,158,29,21,10.36326326
conopsea,melosa,21,155.9332,15.62,160,36,27,14.44991767
conopsea,melosa,20.2,79.344,16.34,173,23,20,5.5333333329999999
conopsea,melosa,21.2,90.6516,14.59,168,33,19,12.78333333
conopsea,melosa,19.6,116.5106,14.61,172,46,31,13.00333333
conopsea,melosa,20,97.3845,16.11,171,45,40,8.193333333
conopsea,melosa,27.8,126.5773,16.52,163,26,20,17.26702517
conopsea,melosa,22.9,134.7385,12.56,171,36,27,9.43
conopsea,melosa,15.7,65.1234,11.13,166,30,23,10.69620905
conopsea,melosa,14.4,128.9022,13.38,172,22,9,4.28
conopsea,melosa,19.3,97.0186,14.31,170,35,30,7.3533333330000001
conopsea,melosa,18.4,113.19,12.3,164,32,15,6.4066666669999996
conopsea,melosa,21.5,208.832,17.28,171,23,8,7.8366666670000003
conopsea,melosa,29.8,79.462,16.95,177,51,48,11.026666669999999
conopsea,melosa,17.9,92.3265,16.06,164,34,12,8.8033333329999994
conopsea,melosa,24.5,130.1524,15.57,168,29,12,17.102597209999999
conopsea,melosa,19.7,92.9385,13.46,175,44,32,10.59
conopsea,melosa,20.7,114.9525,16.67,169,24,19,8.3533333330000001
conopsea,melosa,17.4,86.0262,15.87,171,33,26,10.13666667
conopsea,melosa,18.8,98.6,14.5,173,35,18,10.95640337
conopsea,melosa,20.9,83.3628,13.98,165,34,20,6.5066666670000002
conopsea,melosa,18.9,138.886,18.78,173,24,17,11.72666667
conopsea,melosa,24.9,109.3014,16.05,169,29,19,12.07
conopsea,morbylanga,30.2,85.9124,13.28,172,29,18,9.6573786409999993
conopsea,morbylanga,14.4,113.7682,15,176,26,17,9.6573786409999993
conopsea,morbylanga,22.4,105.2181,17.4,170,40,36,9.6573786409999993
conopsea,morbylanga,20.7,91.136,13.97,172,34,30,11
conopsea,morbylanga,36.8,97.7214,14.31,174,57,56,12.536666670000001
conopsea,morbylanga,38,90.3168,17.44,172,53,46,9.6573786409999993
conopsea,morbylanga,31.7,105.355,17.54,175,31,23,12.41333333
conopsea,morbylanga,34.4,89.5926,16.41,173,33,28,9.39
conopsea,morbylanga,34.3,80.348,16.07,177,35,33,9.66
conopsea,morbylanga,22.4,98.766,15.75,171,35,34,12.866666670000001
conopsea,morbylanga,28.1,104.3815,16.52,172,38,36,12.956666670000001
conopsea,morbylanga,29.8,118.0909,14.6,172,34,32,9.2833333329999999
conopsea,morbylanga,30,68.376,15.2,173,32,27,7.27
conopsea,morbylanga,27.8,117.7792,16.21,175,49,45,12.3
conopsea,morbylanga,31.6,68.153,15.79,176,35,28,8.6433333329999993
conopsea,morbylanga,27,110.8386,16.35,179,48,29,8.8166666669999998
conopsea,morbylanga,33.7,72.2528,15.85,172,31,25,15.036666670000001
conopsea,morbylanga,27,87.945,15.39,171,27,24,8.4066666669999996
conopsea,morbylanga,24.5,101.1834,16.1,180,29,21,12.34
conopsea,morbylanga,19.4,84.8168,16.14,172,19,16,9.7066666670000004
conopsea,morbylanga,25,134.028,12.89,170,14,12,10.793333329999999
conopsea,morbylanga,28.7,81.0705,16.07,169,39,37,11.5
conopsea,morbylanga,20.3,83.9165,18.02,175,41,36,8.6
conopsea,morbylanga,32.8,102.621,17.98,172,34,28,17.096666670000001
conopsea,morbylanga,20.4,79.0903,17.93,169,30,23,6.91
conopsea,morbylanga,28.2,75.3165,17.45,169,61,53,12.08
conopsea,morbylanga,24.8,87.8294,15.74,171,51,35,10.56
conopsea,morbylanga,30.6,102.9164,14.97,177,43,39,17.603333330000002
conopsea,morbylanga,28.1,56.2288,19.02,175,35,31,9.5633333329999992
conopsea,morbylanga,31.8,82.9422,16.5,175,42,38,12.92
conopsea,morbylanga,34.3,116.427,17.09,175,47,44,10.91
conopsea,morbylanga,26.4,72.4087,16.35,171,32,29,4.43
conopsea,morbylanga,29.2,96.1506,17.08,169,30,30,8.9533333329999998
conopsea,morbylanga,22.2,76.44,17.43,175,25,20,8.9966666669999995
conopsea,morbylanga,39.5,137.4984,17.42,176,39,37,16.033333330000001
conopsea,morbylanga,33.6,113.7948,15.08,177,47,36,13.596666669999999
conopsea,morbylanga,27.8,102.9192,16.07,176,36,31,15.8
conopsea,morbylanga,20.3,60.768,15.68,171,23,20,5.8866666670000001
conopsea,morbylanga,21.8,80.2938,15.94,172,18,16,10.85333333
conopsea,morbylanga,28.7,83.0718,16.9,170,48,37,12.11
conopsea,morbylanga,21.9,74.796,15.79,169,34,17,5.2866666670000004
conopsea,morbylanga,29.9,80.808,16.06,171,44,38,7.2
conopsea,morbylanga,29.8,71.4752,16.08,169,50,46,6.63
conopsea,morbylanga,27.4,72.6261,15.3,168,44,42,9.4
conopsea,morbylanga,26.2,83.5125,15.46,171,38,26,5.7833333329999999
conopsea,morbylanga,14.1,104.0688,17.02,174,18,6,4.72
conopsea,morbylanga,33.4,99.4992,17.02,173,53,45,10.39666667
conopsea,morbylanga,15.8,70.1311,16.53,170,30,16,6.2133333329999996
conopsea,morbylanga,21.6,76.896,13.78,178,36,22,8.48
conopsea,morbylanga,36.8,82.6065,16.59,170,48,46,13.03333333
conopsea,morbylanga,35.9,81.3293,15.16,171,70,68,13.373333329999999
conopsea,morbylanga,19.4,99.43,15.53,173,23,17,5.3266666669999996
conopsea,morbylanga,28.9,64.8672,13.15,177,35,29,8.2366666669999997
conopsea,morbylanga,36.5,116.16,15.31,179,34,30,7.52
conopsea,morbylanga,31.8,92.51,18.38,175,34,30,10.20333333
conopsea,morbylanga,34.9,89.6296,16.43,176,25,23,10.17333333
conopsea,morbylanga,36.9,79.8966,18.59,171,38,32,8.67
conopsea,morbylanga,27.3,97.908,18.27,176,20,20,6.68
conopsea,morbylanga,33.7,82.5056,16.64,178,22,20,6.5
conopsea,morbylanga,30.3,104.9271,16.66,170,23,18,13.623333329999999
conopsea,morbylanga,39.8,134.8608,20.9,176,54,44,14.116666670000001
conopsea,morbylanga,41.1,152.475,19.7,176,52,43,16.100000000000001
conopsea,morbylanga,22.4,79.1613,16.42,169,23,12,7.733333333
conopsea,morbylanga,30.8,54.292,14.92,172,38,29,11.44333333
conopsea,morbylanga,21.8,112.0347,17.26,178,37,26,10.54666667
conopsea,morbylanga,28.3,100.2336,15.04,171,50,44,10.77
conopsea,morbylanga,20.3,116.9566,14.61,170,42,34,8.4533333329999998
conopsea,morbylanga,33.7,52.4868,12.1,169,50,43,6.8866666670000001
conopsea,morbylanga,21.3,71.788,14.4,178,25,19,6.556666667
conopsea,morbylanga,24,72.7668,15.8,172,36,29,8.0933333330000004
conopsea,morbylanga,29.5,62.53,14.04,171,31,23,4.9733333330000002
conopsea,morbylanga,27.2,107.2808,15.1,177,29,24,19.466666669999999
conopsea,morbylanga,24.9,101.3985,15.43,173,39,33,11.72
conopsea,morbylanga,30.5,86.9214,13.42,171,33,30,8.4333333330000002
conopsea,morbylanga,26.3,70.9775,16.97,171,33,27,9.11
conopsea,morbylanga,26.7,67.4934,15.9,170,39,38,9.9600000000000009
conopsea,morbylanga,25.9,52.9776,17.15,170,40,37,8.51
conopsea,morbylanga,27.6,69.9054,13.91,172,30,24,12.1
conopsea,morbylanga,25.3,61.3228,11.47,171,36,25,7.6066666669999998
conopsea,morbylanga,35.5,92.7,14.41,174,31,23,12.276666669999999
conopsea,morbylanga,43.5,86.4586,17.8,170,59,56,15.653333330000001
conopsea,morbylanga,39.7,91.4604,15.44,176,38,35,9.2033333329999998
conopsea,morbylanga,29.2,76.9743,15.56,177,47,42,10.426666669999999
conopsea,morbylanga,31,72.791,17.37,172,43,36,11.133333329999999
conopsea,morbylanga,32.9,53.7598,15.95,170,34,31,9.9266666669999992
conopsea,morbylanga,43.4,87.699,16.75,178,49,42,14.56666667
conopsea,morbylanga,31.3,52.248,13.4,169,56,52,3.9266666670000001
conopsea,morbylanga,32.4,71.1744,15.75,171,48,48,12.94333333
conopsea,morbylanga,23.2,71.806,12.35,172,15,11,3.923333333
conopsea,morbylanga,26.4,65.8422,13.22,170,13,5,4.7066666670000004
conopsea,morbylanga,32.5,84.8876,7.25,172,30,25,6.21
conopsea,morbylanga,30.5,55.372,15.09,174,42,38,6.9
conopsea,morbylanga,34.3,89.784,15.59,177,40,35,9.6433333329999993
conopsea,morbylanga,24.6,48.564,13.46,168,31,26,8.7366666669999997
conopsea,morbylanga,25,77.6132,12.94,168,21,17,7.8766666670000003
conopsea,morbylanga,31,79.982,14.42,169,28,21,4.96
conopsea,morbylanga,27.3,81.1104,12.48,175,26,21,8.2233333329999994
conopsea,morbylanga,35.2,79.647,15.96,172,46,42,10.92333333
conopsea,morbylanga,25.7,50.2275,15.66,170,39,36,7.8366666670000003
conopsea,morbylanga,30.9,101.4599,17.29,181,40,23,10.85
conopsea,morbylanga,30,63.5962,11.43,170,50,46,6.36
conopsea,morbylanga,19.4,41.8816,11.05,170,32,14,3.4133333330000002
conopsea,morbylanga,21.5,45.9536,14.52,169,36,28,5.8766666670000003
conopsea,morbylanga,26.9,61.2306,16.23,168,37,35,8.4333333330000002
conopsea,morbylanga,19,72.3144,8.32,179,32,20,4.68
conopsea,morbylanga,31.5,59.1306,14.07,171,59,55,11.606666669999999
conopsea,morbylanga,28,58.072,14.24,172,40,30,5.64
densiflora,osterskog,46.9,125.476,13.88,191,61,53,10.36333333
densiflora,osterskog,33.3,83.4174,12.29,186,36,35,6.5666666669999998
densiflora,osterskog,43.8,124.0575,19.13,188,70,33,10.41666667
densiflora,osterskog,30.1,153.3528,16.17,194,28,26,6.7033333329999998
densiflora,osterskog,34.2,157.2763,14.83,193,44,29,5.4366666669999999
densiflora,osterskog,23.7,99.2922,15.24,192,30,23,5.6866666669999999
densiflora,osterskog,24.5,94.4704,14.7,192,34,23,4.3033333330000003
densiflora,osterskog,26.2,97.6569,14.69,193,44,39,6.55
densiflora,osterskog,36,129.645,15.13,193,36,33,8.26
densiflora,osterskog,35.5,120.4552,16.25,188,39,38,9.36
densiflora,osterskog,47.8,148.7955,15.94,184,50,48,15.81
densiflora,osterskog,35,87.9935,11.71,195,16,0,NA
densiflora,osterskog,46.6,101.6566,16.08,183,52,44,10.34333333
densiflora,osterskog,24.2,125.244,14.42,194,20,15,7.76
densiflora,osterskog,51.2,99.2488,13.37,183,76,71,15.323333330000001
densiflora,osterskog,43,95.8188,14.4,184,72,61,11.31
densiflora,osterskog,29.6,94.8062,15.18,190,32,22,8.1666666669999994
densiflora,osterskog,29.8,138.7314,15.67,185,48,40,7.8633333329999999
densiflora,osterskog,33.7,136.4712,12.52,187,49,42,10.19
densiflora,osterskog,37,156.387,15.66,192,37,32,13.5
densiflora,osterskog,22.2,101.676,13.34,192,23,19,2.9533333329999998
densiflora,osterskog,67.2,151.2366,15.57,189,74,71,19.076666670000002
densiflora,osterskog,60,169.587,13.33,188,58,55,23.49
densiflora,osterskog,54.5,160.9839,12.58,190,78,74,25.77333333
densiflora,osterskog,37.2,129.03,14.99,185,86,73,12.08666667
densiflora,osterskog,48.7,107.2212,15.14,187,53,53,13.50666667
densiflora,osterskog,55,150.0956,15.48,189,30,30,20.83666667
densiflora,osterskog,38.4,129.5019,15.8,193,26,18,11.29666667
densiflora,osterskog,33.5,140.49,14.48,190,34,26,9.76
densiflora,osterskog,44.6,116.7936,15.75,191,28,28,12.05666667
densiflora,osterskog,31.1,124.5222,15.88,191,38,34,8.1666666669999994
densiflora,osterskog,40.4,100.9008,14.09,190,49,43,9.5
densiflora,osterskog,51.5,148.2886,14.61,185,61,54,13.84333333
densiflora,osterskog,42,121.797,16.51,186,58,52,12.56
densiflora,osterskog,37.5,130.2444,12.57,187,72,64,11.016666669999999
densiflora,osterskog,33.9,122.9426,15.01,190,32,30,9.0066666669999993
densiflora,osterskog,43.2,105.8135,14.76,183,65,60,9.4633333329999996
densiflora,osterskog,46,139.9998,16.94,186,43,40,10.28333333
densiflora,osterskog,41.1,133.5552,14.3,189,31,29,8.6199999999999992
densiflora,osterskog,37.7,96.928,14.16,191,41,34,7.82
densiflora,osterskog,35.2,91.7344,15.26,191,50,44,7.0833333329999997
densiflora,osterskog,23,92.4453,15.06,193,28,24,4.7166666670000001
densiflora,osterskog,51.2,144.738,16.74,188,65,64,12.91333333
densiflora,osterskog,34,92.2056,14.31,190,49,40,7.0066666670000002
densiflora,osterskog,31.5,105.0088,14.22,189,34,28,6.7766666669999998
densiflora,osterskog,31.2,110.7778,13.91,192,38,37,9.1433333329999993
densiflora,osterskog,30.7,119.124,13.84,193,32,30,8.5666666669999998
densiflora,osterskog,45.5,106.2009,16.4,188,52,50,11.846666669999999
densiflora,osterskog,19.6,70.4512,13.97,192,17,11,2.9766666669999999
densiflora,osterskog,36.8,85.6704,16.27,188,41,38,8.9
densiflora,osterskog,26.8,99.9462,15.39,191,25,16,8.1666666669999994
densiflora,osterskog,46.1,109.6068,12.37,188,50,47,8.42
densiflora,osterskog,46.3,104.0468,15.37,191,61,43,7.5066666670000002
densiflora,osterskog,40.2,98.1148,13.62,186,43,41,8.5133333330000003
densiflora,osterskog,48.1,107.6922,11.21,190,71,58,9.6133333329999999
densiflora,osterskog,31.4,117.7285,14.97,192,45,39,6.2166666670000001
densiflora,osterskog,28.3,86.5622,14.26,186,44,40,5.0533333330000003
densiflora,osterskog,43.2,119.6088,13.38,193,35,30,8.5366666670000004
densiflora,osterskog,42.1,117.9488,12.23,185,44,44,9.5866666669999994
densiflora,osterskog,26.9,122.9624,14.79,195,12,11,5.9766666669999999
densiflora,osterskog,39.2,129.5366,13.53,194,36,31,10.220000000000001
densiflora,osterskog,26.4,101.955,13.82,192,24,0,NA
densiflora,osterskog,33.2,97.9608,15.01,185,33,28,8.7666666670000009
densiflora,osterskog,44.6,119.1204,15.19,190,45,40,10.94333333
densiflora,osterskog,37.6,109.296,12.31,195,54,30,7.6
densiflora,osterskog,48.2,125.294,15.39,188,48,41,10.633333329999999
densiflora,osterskog,38.7,109.6125,13.61,189,47,40,7.53
densiflora,osterskog,45,173.2355,14.83,191,58,52,8.8666666670000005
densiflora,osterskog,35.5,93.2148,12.91,191,42,31,5.6266666670000003
densiflora,osterskog,39.9,107.844,15.37,187,52,43,7.5766666669999996
densiflora,osterskog,31.8,120.9474,13.97,188,46,43,6.2466666670000004
densiflora,osterskog,33.6,109.928,15.03,192,39,36,10.82
densiflora,osterskog,32.7,101.9904,15.44,189,39,34,9.9466666670000006
densiflora,osterskog,38.7,111.0984,14.29,190,32,28,8.2200000000000006
densiflora,osterskog,38.4,109.7028,15.41,184,48,43,9.08
densiflora,osterskog,41.7,95.0058,15.81,189,38,32,5.5533333330000003
densiflora,osterskog,32.3,75.65,13.36,188,62,50,5.3733333329999997
densiflora,osterskog,34.1,106.8496,13.47,189,39,33,11.126666670000001
densiflora,osterskog,33.6,124.2351,12.58,193,31,29,8.26
densiflora,osterskog,33.2,101.3541,15.72,186,33,29,10.82666667
densiflora,osterskog,41.4,95.2875,17.66,186,43,35,11.1
densiflora,osterskog,40.5,113.5192,16.76,187,44,42,9.2799999999999994
densiflora,osterskog,25.9,82.4371,13.42,185,29,26,5.9733333330000002
densiflora,osterskog,33.5,106.929,15.1,190,37,25,7.7233333330000002
densiflora,osterskog,28.2,98.3136,15,189,44,38,6.806666667
densiflora,osterskog,40.9,114.1632,17.32,186,51,48,10.41666667
densiflora,osterskog,29,105.3504,15.81,194,31,26,5.5533333330000003
densiflora,osterskog,21.2,64.5918,15.45,196,9,7,3.68
densiflora,osterskog,35.6,98.847,12.96,188,41,41,8.7866666670000004
densiflora,osterskog,32.4,98.9391,16.12,187,27,23,10.426666669999999
densiflora,osterskog,35.2,109.0508,13.39,190,26,25,9.8833333329999995
densiflora,osterskog,34.3,114.036,13.88,193,28,22,9.3966666669999999
densiflora,osterskog,24.4,90.5676,12.62,192,19,16,7.38
densiflora,osterskog,29.2,67.86,14.29,191,28,19,4.58
densiflora,osterskog,25.7,102.41,13.17,192,42,38,7.806666667
densiflora,osterskog,34,74.934,11.87,191,33,32,5.2
densiflora,osterskog,37,106.6128,14.16,187,40,35,7.5733333329999999
densiflora,osterskog,35.1,75.9696,15.53,184,40,40,8.8666666670000005
densiflora,osterskog,31.4,90.6184,14.86,189,31,23,6.733333333
densiflora,osterskog,26.9,119.8975,13.17,186,30,20,10.053333329999999
densiflora,osterskog,48.1,102.3473,14.32,186,52,50,9.5833333330000006
densiflora,osterskog,37.7,111.4358,15.26,185,38,30,8.9666666670000001
densiflora,osterskog,55.5,126.324,12.33,187,72,70,13.25
densiflora,osterskog,48.4,119.6768,15.26,187,40,40,12.07
densiflora,osterskog,35.7,69.4072,15.25,188,49,47,6.6466666669999999
densiflora,osterskog,35.7,112.7403,14.83,188,41,38,7.96
densiflora,osterskog,41.1,101.4904,15.57,189,38,34,7.25
densiflora,osterskog,32.4,121.8204,16.29,185,39,39,9.2666666670000009
